Date,TE50011,TE50181,TE50183,TE50212,TE50328,TE50022,TE50023,TE50130,TE50025,TE50058,TE50063,TE50066,TE50081,TE50083,TE50087,TE50099,TE50102,TE50121,TE50127,TE50138,TE50144,TE50169,TE50173,TE50192,TE50197,TE50209,TE50228,TE50230,TE50232,TE50234,TE50237,TE50246,TE50263,TE50268,TE50274,TE50277,TE50294,TE50310,TE50319,TE50329,TE50330,TE50333,TE50337,TE50338,TE50349,TE50026,TE50043,TE50067,TE50095,TE50028,TE50108,TE50136,TE50164,TE50029,TE50030,TE50032,TE50033,TE50035,TE50049,TE50086,TE50113,TE50126,TE50157,TE50200,TE50206,TE50242,TE50036,TE50012,TE50027,TE50037,TE50056,TE50078,TE50159,TE50039,TE50062,TE50075,TE50116,TE50151,TE50152,TE50175,TE50177,TE50041,TE50042,TE50082,TE50101,TE50140,TE50149,TE50194,TE50045,TE50072,TE50156,TE50162,TE50170,TE50211,TE50046,TE50065,TE50047,TE50089,TE50090,TE50098,TE50048,TE50052,TE50068,TE50051,TE50217,TE50053,TE50013,TE50031,TE50040,TE50044,TE50050,TE50073,TE50076,TE50084,TE50105,TE50131,TE50147,TE50240,TE50273,TE50291,TE50308,TE50314,TE50054,TE50166,TE50055,TE50071,TE50085,TE50057,TE50059,TE50203,TE50243,TE50244,TE50250,TE50251,TE50253,TE50254,TE50256,TE50257,TE50258,TE50259,TE50060,TE50079,TE50139,TE50061,TE50070,TE50080,TE50112,TE50178,TE50249,TE50069,TE50119,TE50185,TE50223,TE50252,TE50301,TE50302,TE50317,TE50335,TE50074,TE50077,TE50088,TE50118,TE50125,TE50148,TE50153,TE50160,TE50161,TE50172,TE50207,TE50218,TE50326,TE50345,TE50091,TE50110,TE50014,TE50021,TE50024,TE50034,TE50143,TE50155,TE50182,TE50188,TE50195,TE50214,TE50219,TE50305,TE50307,TE50323,TE50324,TE50347,TE50352,TE50092,TE50267,TE50340,TE50346,TE50093,TE50124,TE50129,TE50094,TE50137,TE50096,TE50104,TE50132,TE50163,TE50171,TE50201,TE50215,TE50222,TE50225,TE50233,TE50235,TE50236,TE50239,TE50304,TE50306,TE50339,TE50348,TE50351,TE50353,TE50097,TE50216,TE50272,TE50300,TE50100,TE50145,TE50205,TE50103,TE50120,TE50309,TE50106,TE50238,TE50107,TE50134,TE50109,TE50176,TE50015,TE50114,TE50115,TE50117,TE50150,TE50123,TE50186,TE50141,TE50226,TE50334,TE50142,TE50146,TE50154,TE50158,TE50016,TE50017,TE50038,TE50064,TE50135,TE50184,TE50187,TE50193,TE50196,TE50208,TE50213,TE50247,TE50248,TE50281,TE50288,TE50292,TE50295,TE50296,TE50297,TE50303,TE50312,TE50320,TE50321,TE50322,TE50325,TE50327,TE50331,TE50167,TE50262,TE50168,TE50174,TE50179,TE50180,TE50311,TE50189,TE50190,TE50204,TE50210,TE50220,TE50221,TE50298,TE50313,TE50318,TE50191,TE50224,TE50227,TE50229,TE50343,TE50344,TE50350,TE50198,TE50199,TE50284,TE50289,TE50341,TE50342,TE50202,TE50231,TE50275,TE50299,TE50018,TE50111,TE50122,TE50128,TE50241,TE50245,TE50270,TE50276,TE50287,TE50283,TE50285,TE50336,TE50019,TE50020,TE50133,TE50315,TE50332
09-2019,15960,0,13000,0,0,0,0,0,14000,3600,12600,2500,6500,1980,0,27000,8500,1800,2688,6000,0,500,4500,0,0,1000,0,0,21000,2160,3000,2352,0,0,2496,0,1400,0,0,0,6500,0,1000,1050,0,5760,0,6480,11340,0,0,0,0,14268,21000,0,0,58500,31500,0,36000,138000,15200,1500,3800,90000,0,264600,0,60,60,60,60,3072,2640,2400,1680,3072,3120,4000,4080,21200,0,86000,42000,118500,0,150000,9000,4980,20400,10000,28800,3776,0,0,100,100,100,100,200,200,200,4160,3000,58500,1632,3552,336,0,0,0,0,0,0,5760,2000,0,320,480,120,1824,18000,47250,0,0,41000,71813,72000,912000,83876,84000,90000,90000,17699,72000,84000,18000,84000,72000,0,0,0,3408,0,0,0,5404,0,0,0,0,0,58000,1152,76608,0,0,0,15200,4700,13200,4200,1200,5000,2500,7900,2800,9600,8100,0,6000,0,0,120,0,0,0,0,0,0,0,0,0,0,0,0,0,0,0,0,0,0,0,6000,0,0,0,0,864,6000,25000,64000,10000,7500,12000,200000,150000,12000,0,27000,0,0,0,0,87000,0,4000,2000,120,672,160,176,0,34000,0,3600,0,600,0,0,0,7200,20000,0,1750,0,156000,58500,75000,0,46800,960,1200,0,5400,0,0,1900,36,0,0,0,0,0,0,0,0,0,0,0,0,0,0,0,0,0,0,85,0,0,0,0,0,0,0,64800,0,2400,320,0,0,0,812000,0,0,0,0,0,0,0,0,200,315,1920,210,480,0,0,11000,11000,0,0,0,0,0,12000,12000,0,0,0,147760,0,0,0,0,0,0,0,0,0,515000,48000,56700,600,0
10-2019,17812,0,42000,0,0,0,0,0,7500,7800,18200,5000,6000,1710,36000,0,13500,5400,5040,13500,0,1500,5400,0,1250,0,-8000,0,31500,3408,6000,3816,0,0,2112,0,0,0,0,0,3500,0,0,2100,0,9540,0,7560,11160,360,720,0,450,4920,37000,792,0,99000,60000,-400,36000,98000,13600,7500,0,112000,27600,224100,0,0,0,0,0,4096,4560,3200,4080,5632,3840,4400,5280,29040,0,122000,114750,120150,0,114000,6000,9000,6000,10000,9600,8352,9680,9680,100,100,100,100,61400,57800,50600,0,1344,68400,1848,3912,1440,0,0,0,0,0,0,6624,4760,0,80,48,264,4032,36000,6000,0,0,61000,78000,78000,800000,78000,78000,84000,84000,78000,0,96000,77902,96000,0,0,0,0,2976,0,0,0,7924,0,0,0,0,0,46000,3456,126144,43500,0,0,19200,5300,6000,2772,7900,7000,3300,15600,5040,4800,4200,0,2000,0,0,0,0,0,0,950,0,0,500,0,0,0,0,0,0,0,0,0,6370,0,0,0,0,0,0,0,1080,27000,20000,94000,0,16500,52000,135000,66000,36000,0,33000,6000,0,0,0,36000,0,0,4000,0,1050,0,660,2000,58000,0,16800,0,7200,0,0,0,4500,32000,0,2170,3000,79300,69000,46500,0,30000,208,280,0,5400,0,0,13300,0,0,0,0,0,0,0,0,0,0,0,0,0,0,0,0,0,0,0,0,5,0,0,0,0,0,1080,26400,0,0,320,0,0,0,525000,0,0,0,0,0,0,0,0,400,0,0,420,0,1080,0,26000,26000,0,0,0,0,150000,12000,12000,975,0,0,106560,0,0,0,0,0,0,0,0,0,485000,87600,31500,0,7800
11-2019,21700,0,20000,0,0,0,0,0,17500,3000,18200,1500,5500,2790,0,8500,16500,5400,15333,14500,0,1000,6300,0,3000,0,8000,0,63000,1200,6000,1272,396,0,1152,1500,0,0,0,0,2000,0,1000,3150,0,12060,0,10620,20340,0,0,0,0,5658,40000,0,2022,34500,35400,4800,66000,160000,23200,12000,7600,96000,15600,329400,0,100,0,0,100,9728,7680,7600,7440,15360,7920,8000,12000,58720,0,94000,90000,84450,0,12000,9000,14460,14400,12000,7200,10048,0,0,0,0,300,300,129600,129600,129600,4100,3384,68400,2952,7320,1392,0,0,0,0,0,0,15000,11200,0,560,480,528,6792,6050,24050,0,0,51000,120000,120000,656000,96000,96000,96000,96000,54000,76500,72000,54000,72000,76500,0,11950,0,6480,0,0,0,13664,0,0,0,0,0,57500,1056,134784,55000,0,0,11200,9500,7200,5796,9000,9500,2600,13700,2800,6000,4500,0,3000,0,0,0,0,0,0,0,0,0,0,0,0,0,0,0,0,0,0,0,1960,0,0,14400,0,0,0,0,912,-9000,0,78000,10000,7500,0,280000,183000,8000,0,60000,0,0,4000,0,90000,12000,6000,6000,0,126,0,132,8000,94000,0,25200,600,21000,0,0,0,5850,24000,0,3780,6000,104000,57000,103500,0,94800,480,900,0,12600,0,0,1900,0,0,0,0,0,0,0,0,0,0,0,0,0,0,0,0,0,0,0,0,0,0,0,0,0,0,0,74400,0,16800,0,0,0,0,357000,0,0,0,0,0,0,0,0,0,1260,1920,210,1440,5400,2160,10650,10650,0,0,0,0,150000,12000,0,0,0,0,199840,0,5000,1583,0,0,0,0,0,0,470000,80400,63000,0,19200
12-2019,37520,0,82000,900,900,0,0,0,26000,5400,18200,1000,12500,4500,0,0,13000,4800,20496,11000,0,4000,7200,0,6750,900,0,0,136500,1200,8800,1200,0,0,1536,6500,0,0,0,0,3000,3000,2000,3150,0,11700,0,14580,30060,1535,1920,640,1800,20664,67000,0,18720,53000,40500,9200,28000,146000,35200,7500,0,74000,1200,445500,0,0,0,0,0,7680,6720,7200,6240,10752,8880,7600,13200,54000,0,100000,114000,80550,0,78000,30000,22680,26400,16000,24000,17120,7040,7040,200,200,0,0,277200,277200,277200,6660,7440,73800,2712,7104,1320,0,0,0,0,144,0,10200,5080,0,80,240,888,7488,24000,24000,0,0,47000,108000,108000,480000,102000,102000,114000,114000,117000,55500,90000,117000,90000,55500,0,3000,0,6816,0,1488,0,13300,0,0,0,0,0,25500,5760,97920,97000,0,0,18400,19900,30000,7392,14300,11000,1700,19000,12160,21590,16200,0,6000,0,0,0,0,112,0,140,0,0,40,0,0,0,0,0,0,0,0,0,-59,0,0,-47,0,0,0,0,912,13500,20000,156000,0,24000,100000,195000,159000,56000,0,69000,6000,9000,0,0,72000,20000,0,4000,0,546,0,836,10000,84000,0,21000,600,21000,-228,1000,0,8550,32000,2000,3080,9000,187200,153000,99000,0,94200,1344,920,128,9600,0,0,60800,24,0,0,0,0,0,0,0,0,0,0,0,0,0,0,0,0,0,0,0,0,0,0,20,0,0,504,88800,0,139200,0,0,0,0,308000,0,0,0,0,0,0,0,0,400,945,1440,210,960,2160,2160,16000,15000,2000,2000,0,0,150000,12000,0,3825,0,0,121040,0,5000,7500,0,0,0,0,0,0,200000,90000,63000,0,19800
01-2020,76580,0,139000,2250,2250,0,0,0,37500,7800,19600,9500,26000,6930,39600,0,16500,15000,35952,13500,1620,3500,9000,0,2250,2000,0,5000,52500,0,3000,0,0,0,960,0,0,0,0,0,3000,3000,4000,2100,10500,7920,0,8640,13500,3720,7150,0,1500,10824,78000,4752,30528,60000,61500,7600,42000,210000,32800,19500,5700,52000,390,267300,0,2400,3000,3070,3000,10752,9600,5200,7440,15872,9360,9200,17040,56880,0,104000,115500,75450,0,60000,16920,17880,12000,22000,24000,13440,0,0,0,0,0,0,187200,187200,187200,7620,6528,78300,2976,6888,240,3528,288,6192,0,72,0,10464,11720,0,80,0,264,0,0,18000,500,0,50000,120000,120000,96000,120000,120000,108000,108000,12000,0,0,12000,0,0,0,0,0,6000,0,4224,2400,14392,0,0,0,0,0,64500,2304,123840,112500,0,0,31200,14100,19200,6426,8200,3500,3100,30800,11200,13200,15600,0,6000,0,0,20,0,496,0,1600,0,0,0,0,0,0,0,0,0,0,0,0,0,0,0,0,0,0,0,0,840,16500,10000,136000,60000,16500,36000,130000,117000,32000,3000,57000,6000,6000,0,0,114000,4000,0,2000,0,336,0,44,8000,94000,3000,23400,0,4200,232,500,0,9900,14000,2000,7350,0,260000,118500,76500,0,111600,0,200,0,15500,0,0,36100,36,0,0,0,0,0,0,0,0,0,0,0,0,0,0,45,0,0,0,0,0,0,0,0,0,0,1008,93600,0,129600,2240,0,0,0,616000,0,0,0,0,0,0,0,0,600,315,2880,840,0,4320,4320,3000,2000,4000,4000,0,0,300000,12000,12000,0,0,0,126000,0,1500,0,0,0,0,0,0,0,175000,136800,82800,0,8400
02-2020,147420,0,153000,10350,10350,0,0,0,22000,16800,30800,15500,18000,3690,0,13000,21000,11400,53424,24500,0,1000,9900,0,9250,0,0,0,10500,816,6000,576,968,0,960,4500,0,0,0,0,6500,0,1000,6300,0,15480,0,15480,24660,4340,6290,0,2825,6150,136000,10296,82080,91500,147000,8000,32000,228000,44000,16500,9500,126000,0,575100,0,2400,6000,5550,10500,12288,10080,12000,7680,12800,9840,9600,13920,58560,0,108000,106500,79350,0,102000,37800,27120,36000,30000,21600,16032,11440,9240,18500,26000,17400,20010,302400,295200,302400,2760,1608,45000,5904,7344,312,4992,384,7656,0,336,0,12528,6320,0,0,24,240,0,26250,32250,21500,2000,71500,39000,39000,21000,99000,99000,57000,57000,62700,0,0,62700,0,0,0,0,0,7776,6000,4368,6144,17276,0,1728,9700,0,0,123000,14976,115200,36500,0,0,52000,6300,7200,1596,10200,15000,4300,9800,7040,8400,2700,0,0,0,0,390,0,672,0,7200,0,0,1750,0,0,0,0,0,0,972,0,0,4900,0,0,0,0,0,0,256,1224,30000,15000,72000,40000,3000,48000,215000,27000,32000,0,12000,12000,0,0,0,0,20000,6000,0,0,798,0,748,12000,104000,8450,6600,0,0,0,0,0,20250,90000,0,8960,6000,370500,252000,120000,200,118200,576,1000,192,20400,0,2700,32300,360,0,0,0,0,0,0,0,0,0,0,0,0,0,0,60,0,0,0,0,0,0,0,0,0,0,808,72000,0,43200,3760,0,0,0,644000,0,0,0,0,0,0,0,0,0,315,1920,210,480,0,0,5000,7000,0,0,0,0,300000,24000,12000,0,0,0,176480,0,2000,0,0,0,0,0,0,0,480000,176400,95400,600,600
03-2020,114380,0,105000,3600,3600,0,0,0,38500,5400,15400,4000,8000,945,0,0,4500,600,24528,6500,0,2000,2700,0,8250,0,0,0,42000,0,3000,0,0,0,0,0,0,0,0,0,3000,0,0,0,0,0,0,0,3960,1590,3300,0,1275,3444,70000,9504,46080,30000,51000,5600,60000,48000,30400,9000,3800,138000,0,315900,0,0,6750,12500,10000,1024,5760,400,2400,11264,2160,4800,5040,7600,0,146000,101250,72950,0,168000,0,6000,24000,18000,43200,0,5720,5720,11500,10000,3300,6000,158400,158400,158400,6400,6672,54900,2952,2520,672,3384,0,1800,0,0,0,3768,1960,0,0,0,-216,0,6000,12000,8500,3000,31000,36000,36000,16000,45000,45000,90000,90000,0,0,0,0,0,0,0,0,0,4224,0,3168,3024,11368,0,3456,15000,0,0,111500,0,106560,24500,0,0,40800,14600,26400,5208,11300,4500,800,22100,0,13200,16500,0,8000,0,0,240,192,48,300,7200,0,250,1750,0,600,2000,0,0,0,0,0,0,4900,0,0,0,0,0,0,896,0,3000,5000,42000,0,3000,0,20000,0,0,6000,30000,0,0,0,0,0,8000,4000,0,0,0,0,308,12000,70000,2000,14400,2400,0,0,0,0,10350,72000,0,2940,6000,184600,94500,115500,0,62400,1504,600,0,10200,0,19440,9500,180,264,0,0,0,0,0,0,0,0,0,0,0,0,0,0,0,0,0,0,0,0,0,48,0,0,300,1200,0,0,3360,0,0,0,189000,0,0,0,0,0,0,0,0,200,0,480,420,0,0,0,7000,7000,2000,2000,0,0,270000,0,0,0,0,0,104080,0,500,0,0,0,0,0,0,0,385000,169200,52200,0,0
04-2020,0,0,0,0,0,0,0,0,0,0,0,0,0,0,0,0,0,0,0,0,0,0,0,0,0,0,0,0,0,0,0,0,0,0,0,0,0,0,0,0,0,0,0,0,0,0,0,0,0,0,0,0,0,0,0,0,0,0,0,0,0,0,0,0,0,0,0,2700,0,0,0,0,0,0,0,0,0,0,0,0,0,0,0,0,0,0,0,0,0,0,0,0,0,0,0,0,0,0,0,0,0,0,0,0,0,0,0,0,0,0,0,0,0,0,0,0,0,0,0,0,0,0,0,0,0,0,0,0,0,0,0,0,0,0,0,0,0,0,0,0,0,0,0,0,0,0,0,0,0,0,0,0,0,0,0,0,0,0,0,0,0,0,0,0,0,0,0,0,0,0,0,0,0,0,0,0,0,0,0,0,0,0,0,0,0,0,0,0,0,0,0,0,0,0,0,0,0,0,0,0,0,0,0,0,0,0,0,0,0,0,0,0,0,0,0,0,0,0,0,0,0,0,0,0,0,0,0,0,0,0,0,0,0,0,0,0,0,0,0,0,0,0,0,0,0,0,0,0,0,0,0,0,0,0,0,0,0,0,0,0,0,0,0,0,0,0,0,0,0,0,0,0,0,0,0,0,0,0,0,0,0,0,0,-175000,0,0,0,0,0,0,0,0,0,0,0,0,0,0,0,0,0,0,0,0,0,0,0,0,0,0,0,0,0,0,0,0,0,0,0,0,0,-35000,0,0,0,0
05-2020,2380,0,0,0,0,0,0,0,2500,0,0,0,0,0,0,0,0,0,3024,0,0,0,0,0,750,0,0,0,0,0,0,0,0,0,0,0,0,0,0,0,500,0,0,0,0,2160,0,2160,4500,0,0,0,0,0,0,0,0,0,0,400,10000,66000,800,0,0,42000,0,10800,0,3200,0,0,2500,0,0,0,240,0,240,0,0,160,0,0,0,37650,0,12000,0,0,0,0,0,0,8140,8360,0,0,600,0,0,0,0,0,0,0,0,0,72,624,0,0,0,0,0,0,0,0,0,0,0,0,6000,12000,0,0,0,0,0,0,0,0,0,0,0,0,0,-388,0,0,0,0,0,0,2000,0,576,0,0,0,0,0,0,7000,3456,17856,6000,0,0,0,200,0,0,0,0,0,0,0,0,0,0,0,0,0,920,384,576,640,4000,0,425,1500,0,335,0,0,0,0,0,0,0,6860,0,0,0,0,0,0,0,0,0,0,2000,0,-1500,0,0,12000,0,0,0,0,-2000,0,0,6000,4000,0,0,120,0,0,0,0,2000,0,0,600,0,0,0,0,0,14000,0,0,0,59800,52500,37500,0,0,0,0,0,0,0,6144,0,676,414,0,0,0,0,0,0,0,0,0,0,0,0,0,0,144,0,0,0,0,45,0,0,0,0,90,0,0,0,0,0,0,0,336000,0,0,0,0,0,0,0,0,0,0,0,0,0,0,0,0,0,0,0,0,0,0,0,0,0,0,0,4000,0,0,0,0,0,0,0,0,0,105000,3600,13500,0,0
06-2020,57400,54125,143000,3600,3600,0,0,0,3000,0,8160,-1000,0,-360,14400,0,5500,0,1344,10500,0,0,0,0,0,1000,0,0,0,0,0,0,0,0,0,0,1500,0,0,0,3000,0,0,0,0,0,0,0,-1080,1140,1920,0,900,0,47000,3168,99936,465,24000,8800,10000,50000,800,0,5700,12000,0,140400,0,11200,0,0,2500,0,0,0,3840,0,3840,150,0,6893,0,42000,47250,85450,0,42000,12000,9000,0,0,19200,0,18920,18920,16500,14000,6000,0,-7200,-7200,-7200,0,0,9000,648,0,336,1344,144,5280,0,0,0,4416,2000,0,0,0,0,0,6000,12000,7000,6000,16000,63000,63000,32000,54000,54000,60000,60000,0,0,0,0,0,0,0,0,0,0,0,240,1872,2240,0,0,0,0,0,26000,2304,35136,0,0,0,0,500,0,2016,0,0,3000,0,0,0,0,0,0,0,0,3130,2140,2992,3400,32800,0,2750,12000,0,8000,6000,0,0,0,216,0,0,3430,0,0,14400,0,0,0,0,0,0,10000,0,0,1500,24000,45000,6000,4000,0,0,0,0,0,0,12000,0,0,0,0,0,0,0,0,38000,2000,0,1800,0,0,0,0,0,0,0,140,0,52000,88500,42000,0,0,0,0,0,600,0,19072,0,372,1170,600,0,0,0,0,444,0,0,0,5,300,0,0,0,148,0,0,0,5,48,0,52,0,0,1572,3600,0,0,-1600,0,0,0,126000,0,0,0,0,0,0,0,0,0,0,480,0,480,0,0,6000,6000,0,0,0,0,0,0,0,0,0,0,48000,0,500,0,0,0,0,0,0,0,350000,115200,9000,0,0
07-2020,74246,218880,168000,7200,7200,0,0,0,27500,1800,11200,4000,2000,405,10800,0,8500,12000,2352,4000,0,0,3600,0,0,0,0,0,42000,144,0,72,0,0,192,0,0,0,0,0,5500,0,0,3150,0,6120,0,8280,15840,2990,5670,0,1575,1476,38000,1584,151488,10500,34500,5200,6000,122000,31200,0,3800,20000,0,251100,0,12800,10500,2300,1000,7680,2640,1200,3360,6144,5280,4000,7200,3474,0,84000,65250,72750,0,198000,9000,12000,20400,20000,19200,3520,20240,20680,0,0,-1800,0,79200,108000,50400,4040,3936,12600,3384,2808,984,3984,288,1536,0,0,0,9168,5600,0,0,0,0,0,12000,18000,2500,4000,5000,9000,9000,0,18000,18000,18000,18000,0,0,0,0,0,0,0,0,0,2352,4000,3984,3648,6692,0,4608,0,0,0,54500,2304,47232,0,0,0,28000,9300,10800,4410,8100,3500,2500,15800,2720,9600,6000,0,4000,0,0,2820,1488,1056,3460,26400,0,2060,11750,0,0,4000,0,0,0,-216,0,0,0,0,0,0,0,630000,900500,0,408,3000,5000,52000,30000,3000,104000,40000,21000,76000,0,21000,0,0,0,0,3000,0,0,0,0,420,0,0,6000,70000,2000,6000,2400,0,0,0,0,8100,0,0,1260,6000,158600,132000,70500,0,0,416,400,0,12000,0,50080,28500,732,1314,1096,0,0,0,0,0,0,0,0,0,306,0,0,0,0,0,0,0,0,0,0,109,0,0,1092,8400,0,33600,0,0,0,0,168000,0,0,0,0,0,0,0,0,200,0,0,0,0,0,0,5000,5000,-2000,-2000,0,0,0,0,0,0,0,0,108240,0,0,0,0,0,0,0,0,0,380000,170400,55800,0,0
08-2020,192311,377685,115000,0,0,0,0,0,32500,0,25700,1000,2500,3375,14400,0,14500,1800,7392,20000,3000,0,2700,0,0,1000,0,0,105000,48,0,48,0,0,192,0,0,0,0,0,2500,0,0,2100,0,16020,0,18540,28620,3990,5970,0,2325,2337,92000,14256,162864,24035,30000,16800,16000,176000,22400,6000,14390,34000,0,626400,0,7400,4200,10000,9000,9216,16080,12400,6720,15360,6480,14800,22560,7680,0,136000,91500,96750,0,216000,9000,11640,0,0,0,2400,6600,6600,11000,16000,0,0,235800,235200,277200,3760,2016,40500,4008,8712,1536,4920,288,6624,0,288,0,14616,9720,0,80,168,0,0,18000,30000,18000,9000,50500,0,0,16000,39000,39000,54000,54000,0,0,0,0,0,0,0,0,0,11472,6000,5568,6240,21336,0,3456,0,0,0,119500,3456,124416,0,0,0,49600,3200,9600,4872,11000,3000,1600,10700,1120,10800,10200,0,3000,0,0,1510,3100,4160,2980,21600,0,1850,7250,0,9000,6000,0,0,0,0,0,0,0,0,0,0,0,791000,1000000,576,912,9000,20000,118000,10000,3000,28000,100000,15000,80000,0,21000,0,0,0,0,3000,0,0,0,0,84,0,0,10000,118000,4000,4200,5400,0,168,0,0,8100,74000,2000,1540,2000,252200,168000,118500,0,59400,0,0,0,15000,0,70400,28500,0,1368,1793,0,0,0,0,680,0,0,0,0,306,0,100,0,0,0,0,0,0,24,0,0,0,0,1341,70800,0,40800,1520,0,0,0,609000,0,0,0,0,0,0,0,0,0,0,960,0,0,0,0,15000,15000,0,0,0,0,100000,12000,0,0,0,0,132080,0,0,500,0,0,0,0,0,0,445000,255600,25200,600,0
09-2020,146580,379500,166000,5400,5400,0,0,0,71000,4800,26600,7500,8500,1440,14400,0,19500,4200,10752,13500,3300,500,0,0,6000,0,8000,0,42000,0,0,0,0,0,192,0,0,0,0,0,3500,1000,1000,2100,0,8820,0,12780,22140,5610,8100,40,3740,3321,89000,0,171792,64500,55500,32400,44000,212000,55200,13500,5700,74000,0,504900,0,12800,10400,15000,7500,11264,9360,7600,8160,13824,8400,11200,9840,2320,0,146000,156000,177000,0,132000,21600,19320,37200,32000,31200,6112,6380,10560,11000,14000,6600,6000,257475,230000,244608,4080,10248,54900,4824,7248,1296,4968,336,8544,0,0,0,10056,8600,0,0,0,0,0,24000,24000,4000,30500,62500,24000,24000,16000,13500,13500,117000,117000,0,0,0,0,0,0,0,0,0,7824,3300,4992,5328,16352,0,5760,5500,0,0,58500,-576,61056,0,0,0,50400,20100,33600,6636,10300,7500,2400,28100,5040,14400,15600,0,7000,440,0,3020,2004,2608,3580,19200,0,1715,8000,0,4000,2000,0,0,30,500,0,0,0,0,0,0,0,698600,800000,128,240,6000,20000,96000,0,4500,60000,90000,24000,0,12000,27000,12000,0,0,0,0,4000,0,0,0,420,0,0,8000,142000,10000,4200,4200,0,80,0,0,7200,96000,0,2170,6000,252200,136500,85500,0,78000,0,0,0,17400,0,0,76000,576,1260,0,0,0,0,0,0,0,0,0,0,0,0,0,0,76,0,0,0,0,51,0,96,0,0,496,10800,0,91200,1520,0,0,0,476000,0,0,0,0,0,0,0,0,200,315,960,1260,0,0,0,7000,7000,0,0,0,0,250000,24000,12000,0,0,0,183200,0,1000,0,0,0,0,0,0,0,275000,270000,65700,600,600
10-2020,146020,552500,187000,3600,3600,0,0,0,40500,3600,29400,7000,15000,1890,10800,0,19000,3600,15792,14500,0,0,900,0,750,1000,0,0,31500,0,0,0,0,0,0,0,0,0,0,0,3500,0,0,0,0,16020,180,6120,23760,5400,6270,0,1810,5289,115000,11880,180720,69000,40500,23600,72000,182000,48800,13500,9500,114000,0,534600,0,8800,11550,15000,26500,8704,11040,6800,7500,12800,9360,2400,14880,2720,0,256000,162750,217200,0,138000,18480,25440,30000,22000,36000,13568,0,0,14000,4000,4200,6000,223200,223200,223200,3692,5496,76500,4896,7448,1128,6624,192,8064,0,0,0,13224,8160,0,0,48,0,0,12000,12000,20000,6500,66500,132000,132000,0,99000,99000,132000,132000,0,0,0,0,0,0,0,0,0,8544,7500,6288,7056,19152,0,21888,0,0,0,46000,100,17280,500,0,0,33600,10500,7200,9660,7900,2000,0,24300,8640,7200,14100,0,6000,0,0,1740,3064,2432,3540,36000,0,3690,5000,0,0,5000,0,0,570,0,0,0,0,0,0,0,0,805000,950000,0,0,0,30000,88000,15000,6000,32000,115000,42000,140000,9000,27000,6000,0,0,0,0,0,0,0,495,372,0,0,14000,124000,4000,13200,0,0,0,0,0,5850,146000,0,1400,6000,286000,196500,162000,0,118800,0,0,0,15600,0,35840,68400,670,1260,0,0,0,0,0,306,0,0,0,10,0,0,99,0,0,60,0,0,0,24,0,52,0,0,1272,56400,0,19200,2240,0,0,0,392000,0,0,0,0,0,0,0,0,400,315,960,210,480,0,0,8000,8000,0,0,0,0,490000,12000,7000,0,0,0,161992,0,1500,500,0,0,0,0,0,0,325000,339600,58500,7200,0
11-2020,127400,1065000,166000,3600,1350,2400,3000,2400,82000,10200,32200,8000,13000,2700,18000,0,20000,7800,21168,21500,0,500,3600,0,8250,1000,0,0,63000,0,0,0,0,0,0,0,0,0,0,0,3500,0,0,2100,10500,10620,0,18900,28980,3510,8820,0,2850,5422,88000,5544,191376,42000,30000,21200,54000,208000,29600,18000,19000,132000,0,499500,0,20200,33750,25000,24000,12800,9600,10000,9840,17408,6480,14000,14160,13600,0,166000,237750,184200,0,162000,32880,28200,40800,26000,24000,3648,0,0,24000,36000,3400,33875,327600,320400,320400,2388,0,86400,5400,9232,1944,8208,480,8664,0,0,0,19464,9840,0,0,0,0,0,24000,52500,21500,32000,31000,72000,72000,32000,24000,24000,69000,69000,0,0,0,0,0,0,0,0,0,8592,10500,8064,7440,29148,0,139968,4500,106000,0,5500,1152,4608,5000,0,0,54400,15800,8400,882,10900,10200,0,17500,0,6000,6900,0,0,900,0,1530,2820,5072,3820,26400,0,2060,19250,0,2000,5000,0,0,10,1404,0,0,1470,0,0,0,0,882000,1200000,0,0,0,15000,140000,0,6000,28000,85000,30000,32000,3000,42000,0,3000,0,0,6000,8000,0,52000,198,210,0,0,22000,128000,10000,10200,3600,0,40,0,0,4050,46000,0,3920,3000,245700,246000,175500,800,83400,256,60,0,23400,0,34560,89300,360,1314,0,0,0,0,0,198,100,0,10,0,90,0,0,0,76,0,0,0,0,46,0,0,0,100,996,81600,0,88800,4000,0,0,0,238000,0,0,0,0,0,0,0,0,2200,0,480,210,0,0,0,16000,16000,0,0,0,0,290000,36000,12000,0,0,0,147868,0,1000,500,0,0,0,0,0,0,305000,220800,120600,600,1200
12-2020,112000,1195000,144000,0,1800,1800,1200,4200,123000,9600,32200,13000,11965,4860,18000,0,24000,600,45360,20000,0,4500,2700,0,8250,1000,0,0,63000,0,3000,288,0,0,0,0,0,0,800,0,3500,0,0,3150,0,16920,0,18360,33120,6660,6960,240,2550,2081,93000,6336,96192,36000,31500,40000,40000,236000,68800,4500,13300,114000,0,426600,0,35200,53300,42500,24000,14336,11760,6400,6960,10240,11760,9600,16800,10880,0,102000,141750,185400,0,150000,22920,25680,43200,12000,14400,6400,0,0,34500,29125,71400,38000,291600,277200,277200,10160,10248,93600,5136,7776,1824,5688,192,7296,0,0,0,12576,10880,0,0,0,0,0,20250,78000,15000,27260,27500,93000,93000,0,0,0,99000,99000,0,0,0,0,0,0,0,0,0,7344,8000,6528,7584,19124,0,81792,8500,71500,5500,0,576,4608,3000,0,0,52800,10300,21600,9198,15200,8000,3200,26400,160,19200,10200,0,8000,0,0,4940,4524,5408,7800,28800,5400,3040,7500,0,2000,0,0,0,20,0,0,10000,0,0,1960,0,300,579600,300000,0,0,12000,15000,122000,15000,3000,56000,220000,24000,48000,6000,57000,12000,6000,0,0,0,0,0,0,0,270,0,0,16000,146000,6000,7200,4800,0,0,0,0,8550,126000,2000,4270,6000,244400,235500,138000,0,67800,880,1040,0,19200,0,0,83600,480,738,0,0,0,0,0,150,0,0,0,18,198,0,84,0,156,150,0,0,0,54,0,16,0,0,468,15600,0,64800,9600,0,0,0,343000,0,0,0,0,0,0,0,0,200,630,0,420,0,0,0,13350,13350,0,0,0,0,340000,24000,12000,0,0,0,156072,0,2500,1500,0,0,0,0,0,0,610000,339600,110700,0,2400
01-2021,112980,1120000,167000,7650,8100,0,0,0,140000,13200,30800,10000,22500,3465,14400,0,11000,7800,51072,18000,0,0,2700,0,5250,1000,4000,500,52500,0,1500,0,0,0,0,0,0,0,2560,0,1000,0,1000,1050,0,11520,0,17100,30060,8950,7290,400,2775,7995,86020,4752,108864,45000,73500,46800,64000,168000,40000,27000,3800,32000,0,369900,0,42400,18000,51500,48000,22528,22800,10000,7200,20480,12720,7600,16320,13120,0,128000,156000,158400,0,78000,31440,24300,4800,46000,52800,5760,0,0,74000,38400,39000,80000,203565,226800,226800,4660,2256,64694,6816,7224,1200,6552,384,6000,0,0,0,15192,12480,0,0,0,0,0,26000,44000,15000,40500,51000,129000,129000,48000,0,0,128899,128877,0,0,0,0,0,0,0,0,0,6672,6500,8446,6624,18760,0,104832,0,34500,7000,0,576,-576,4500,0,0,85600,12700,20400,4998,11600,30500,1500,29500,8720,14400,26700,0,6000,0,960,4981,4790,3728,8600,38400,0,4579,16750,0,1000,6000,0,0,0,0,18000,0,0,0,0,11400,0,425200,750000,0,0,0,0,236000,15000,6000,28000,190000,27000,36000,0,24000,12000,3000,0,0,0,4000,0,0,330,126,0,0,18000,150000,10000,13800,5400,0,0,500,0,11250,102000,0,7350,6000,241800,202500,139518,1200,88800,112,700,0,23400,0,50560,76000,744,1250,1188,0,0,0,18,90,0,0,20,0,203,0,0,0,84,60,0,0,0,0,0,0,0,0,996,44400,0,52800,4240,0,0,0,350000,0,0,0,0,0,0,0,0,100,0,3360,1050,480,0,0,18000,18000,0,0,0,0,520000,24000,12000,14400,0,15120,222984,0,8500,0,0,0,0,0,0,0,790000,332400,135900,0,0
02-2021,122770,820000,193000,4500,0,0,2400,0,104500,4200,36400,2000,15000,6255,7200,0,31000,1200,42672,27500,7400,0,2700,0,12750,2000,8000,0,31500,0,3000,0,0,0,0,0,0,0,7200,0,3000,0,0,3150,0,22140,0,14580,34380,16350,10680,1750,4800,8610,169000,10296,131616,46500,37500,46400,6000,84000,57600,3000,5700,138000,0,322500,0,53610,45000,22500,56000,8192,21120,13600,10080,17920,16800,17600,23520,13680,0,88000,113250,76800,0,60000,38520,37860,14400,38000,36000,8224,0,0,46500,72000,51600,48000,309600,309600,302400,6280,1128,72000,8952,8472,2472,10296,696,8160,96,0,0,16896,17760,0,0,0,0,0,42000,45000,14500,40500,48500,102000,102000,48000,0,0,114000,114000,0,0,0,0,0,0,0,0,0,10656,8000,9504,10944,41720,0,100800,0,104000,10500,0,0,576,0,11000,0,48800,24400,10800,7350,12600,6500,0,24200,3040,2400,6600,0,3000,1350,240,8900,6508,7104,9220,36000,3750,7590,14500,600,10000,5000,0,0,0,0,0,0,2940,0,0,0,2800,845600,700000,224,240,15000,0,112000,10000,0,8000,165000,27000,48000,9000,33000,12000,0,0,0,0,4000,0,0,132,509,0,0,20000,218000,8000,10800,1595,0,84,0,0,17100,266000,0,4620,6500,301600,343500,207010,0,168600,1056,540,0,34800,0,0,57000,1428,2386,1206,0,0,0,0,288,100,0,89,18,301,0,100,0,172,30,0,0,0,297,0,0,0,0,504,45600,0,64800,5120,0,0,0,798000,0,0,0,0,0,0,0,0,800,0,2880,420,0,3240,3240,23000,23000,0,0,0,0,330000,24000,0,0,0,9576,230880,0,500,0,0,0,0,0,0,0,535000,219600,102600,1200,0
03-2021,131740,1040000,147000,0,5400,600,4800,2400,132000,4800,35000,8000,11500,1620,25200,0,24000,12600,52752,25000,25315,0,3600,0,4350,1000,4000,0,21000,0,0,0,0,0,0,0,0,0,1600,0,2500,0,0,0,10500,20160,0,21240,33300,11640,7800,1960,4050,14883,130000,9504,56880,54000,21000,54400,26000,136000,65600,10500,15200,102000,0,531900,0,30400,45020,37500,48000,14336,8640,6800,9600,28160,13440,16000,22800,7280,0,72000,60000,176400,0,144000,28080,25200,30000,36000,36000,7200,0,0,27000,33600,43800,32000,291600,284400,284400,7900,7800,78300,6480,8544,2304,9576,480,10608,0,336,0,30576,19360,0,0,0,0,0,18000,45000,10500,16564,40500,114000,114000,16000,0,0,93000,93000,0,0,0,0,0,0,0,0,0,8592,11500,5664,7440,26432,0,109440,48500,77000,6500,0,0,0,0,17000,0,56000,6800,14400,4410,14000,0,3800,24300,6080,0,19200,0,2000,0,240,5970,5224,4880,7220,55200,4350,6250,10250,300,10000,5000,0,0,0,0,0,0,2450,0,0,0,0,659400,200000,128,144,12000,0,182000,0,1500,60000,85000,9000,40000,0,36000,0,3000,0,0,0,8000,4000,0,462,630,0,0,10000,144000,10000,9600,7525,0,104,0,0,2250,138000,0,7910,6000,257400,280500,187500,0,83400,0,0,0,26400,0,17536,55100,388,2334,154,240,180,0,0,0,0,0,0,54,91,0,0,0,0,0,0,0,0,0,0,36,0,0,316,52800,0,50400,5840,0,0,0,427000,0,0,0,0,0,0,0,0,200,315,480,210,0,0,0,23000,23000,0,0,0,0,630000,0,0,0,5040,28224,209928,0,1500,0,0,0,0,0,0,0,460000,205200,100800,0,0
04-2021,89740,950000,158000,5850,4050,15600,1200,4200,51000,11400,28000,11000,14000,3195,25200,0,19000,10200,58800,19500,4200,0,0,0,1350,1000,8000,0,52500,384,0,288,0,0,0,0,0,0,6400,0,3500,0,0,0,0,9000,0,11700,34920,13830,5410,1460,2850,5412,137000,5544,144,27000,57000,27200,26000,76000,64800,24000,9500,66000,0,234900,0,55200,36750,30000,48000,22528,13230,15200,5040,17408,12480,18800,18960,22800,0,142000,116250,133200,750,156000,40080,33060,30000,12000,31200,10400,0,0,26000,32000,16200,8000,219600,226800,219600,0,4584,84600,4536,9192,1488,4944,744,7704,0,0,0,16392,9160,0,0,0,0,0,42000,40500,12000,46000,25500,96000,96000,32000,0,0,84000,84000,0,0,0,0,0,0,0,84000,0,10320,3500,6384,7104,20888,0,118080,22000,68500,14000,0,0,0,0,1000,0,56000,23500,9600,3948,20200,7000,0,10400,3920,24000,6600,0,7000,5250,0,2280,3060,5040,6840,34400,3900,2385,7000,900,6000,1600,0,0,0,0,0,0,980,0,0,10200,0,259000,500000,0,0,3000,0,136000,0,4500,44000,95000,21000,24000,9000,24000,0,0,0,0,3000,0,0,0,528,0,0,0,10000,146000,2000,20400,5400,0,16,0,0,4500,110000,0,6790,3000,267800,316500,129000,0,126600,0,200,0,17400,0,35584,46500,480,2682,54,240,0,0,0,91,100,0,0,160,499,0,200,0,0,0,0,0,0,0,0,48,0,0,0,57600,0,129600,560,0,0,0,147000,0,0,0,0,0,0,0,0,200,630,1440,420,0,0,0,14000,14000,0,0,0,0,0,12000,12000,0,504,2520,144984,0,1000,0,0,0,0,0,0,0,560000,196800,110700,0,0
05-2021,36540,230000,7000,4950,3600,20400,600,19200,183000,6600,33600,5500,12000,1170,10800,0,13500,2400,49392,21500,6000,4500,0,0,10350,0,6000,0,21000,0,0,0,0,0,0,0,1500,0,3200,0,6000,2000,2000,3150,10500,17820,0,11340,30060,14210,8400,1780,1200,3321,104000,4752,45936,40500,6000,21547,26000,212000,40000,12000,1900,180000,0,521100,0,32000,24000,65000,32000,4608,19680,14000,10080,14336,14160,21600,22320,13680,600,68000,80250,38400,0,84000,30120,31680,50400,38700,50400,11200,9240,9240,20000,6400,36000,8000,93601,93600,93600,4840,4296,85500,7368,9528,816,7536,792,11592,288,0,0,8328,8240,0,0,0,0,0,24000,39750,13000,22500,37000,84000,84000,16000,0,0,24000,23869,0,0,0,0,0,0,0,30000,0,11328,8000,8624,7807,34692,0,34560,20000,18500,0,0,0,0,0,8000,0,52000,9400,24000,3696,13200,5000,3800,12600,8560,12000,12000,0,4000,2400,0,1718,4128,5072,6261,89600,0,3230,10000,0,7000,3000,0,0,120,0,0,0,2450,0,0,0,1100,513800,500000,416,0,0,0,66000,45000,1500,12000,65000,18000,8000,3000,33000,6000,0,0,0,3000,40000,0,0,198,252,0,0,16000,88000,10000,3000,7800,0,0,0,0,9000,236000,0,3150,12000,221000,114000,135000,0,150000,1056,1100,0,12000,0,0,64600,1188,2461,1098,36,0,0,36,36,150,0,0,0,742,3000,0,0,0,0,0,0,20,0,0,0,0,0,0,48000,0,72000,1200,0,0,0,322000,0,0,200,0,0,0,0,0,400,0,480,420,0,0,0,19000,19000,0,0,0,0,700000,0,0,0,0,10584,138096,504,500,0,0,0,0,486,288,0,1145000,176400,101700,1200,0
06-2021,45623,520000,25000,2250,3600,4200,4200,0,20500,6000,21000,2000,12000,2790,10800,0,8500,0,29904,13500,0,2000,0,0,1500,0,6000,3000,10500,0,0,0,0,0,0,0,1500,0,3200,0,6000,0,0,5250,0,14220,0,10260,19800,21510,7890,2300,1500,6765,51000,6336,0,31500,19500,16400,46000,104000,46400,0,0,120000,0,280800,0,16000,24000,5000,0,7680,16800,9600,960,2048,5040,14400,27120,6240,0,96000,55500,40800,0,18000,20520,23880,27600,28800,31200,1600,9460,15400,13000,12800,1200,12000,57600,50400,57600,6300,3240,86400,4656,3696,1248,5712,360,1848,0,0,0,6408,3240,0,0,0,0,0,36000,30000,6000,6000,35500,39000,39000,48000,0,0,92771,93000,0,0,0,0,0,0,0,0,0,4320,6000,4704,6624,17024,0,81216,0,22000,4000,0,0,0,0,0,0,17600,18100,9600,10164,11600,17500,4100,27200,9520,9600,8100,0,5000,8100,480,0,-1000,4912,-1780,0,0,-585,0,0,0,0,0,0,80,0,0,0,3920,0,490,23400,2800,61600,50000,1120,2376,0,0,12000,15000,3000,12000,45000,18000,16000,0,3000,0,0,0,0,0,0,0,0,396,420,0,0,8000,64000,4000,7200,3000,0,168,1000,0,10800,76000,6000,2310,3000,55900,103500,127500,0,100200,1312,1100,192,15600,0,15488,24700,1188,2394,630,126,144,400,36,36,50,0,20,0,759,3000,96,0,0,0,0,0,0,0,0,0,0,0,0,22800,0,19200,1280,0,0,0,889000,0,0,0,0,0,0,0,0,0,0,0,0,0,0,0,12000,12000,0,0,0,0,0,12000,0,0,0,7056,59462,0,1000,0,0,0,0,2916,306,0,805000,134400,65700,0,0
07-2021,153973,1010000,225000,5850,5850,3000,16800,4200,29500,3600,15400,0,7000,2070,0,0,13500,4200,13440,12000,0,1000,0,0,7500,1000,4000,3000,21000,0,0,48,0,0,0,0,0,0,6400,0,5000,0,0,3150,0,10980,0,11880,25200,15630,7710,1020,3225,1353,90000,9504,41616,27000,42000,800,74000,60000,47200,13500,5700,140000,0,421200,0,3800,25500,22500,16000,5632,17280,4400,6720,13312,13680,5200,2880,6480,1800,88000,76500,121800,93000,120000,35430,39000,54150,28000,43200,8000,5940,10120,15500,33600,1200,16000,165600,165600,180000,1480,1344,68290,8184,6504,1296,8688,1008,5040,408,0,0,15120,7800,0,0,0,0,0,6000,12000,14000,11000,56000,7348,7500,16000,0,0,55500,55500,0,0,0,0,0,0,5000,110000,0,8880,8000,4368,7920,6524,0,90432,1000,83000,27500,0,0,0,0,2000,0,24800,15000,9600,2268,22900,19000,9488,23500,2480,10800,9300,0,2000,300,0,3150,0,2080,1000,0,-900,0,0,0,2000,2000,0,0,170,0,0,0,980,0,0,14400,0,270200,450000,2496,2160,0,0,72000,10000,1500,28000,60000,15000,36000,3000,3000,0,0,0,0,12000,4000,0,0,660,630,0,0,12000,148000,4000,21600,4200,0,156,0,0,11700,76000,10000,4970,0,354900,312000,87000,0,0,0,300,128,20400,0,0,32300,0,2700,2142,306,0,0,18,108,0,0,0,250,213,0,0,0,0,0,0,0,0,0,0,0,0,0,0,60000,0,14400,640,0,0,0,756000,0,0,0,0,0,0,0,0,600,315,480,210,480,0,0,5000,5000,0,0,0,0,220000,0,0,0,9072,16128,56952,50904,1000,0,0,0,0,6228,1584,0,365000,106800,208800,600,0
08-2021,83651,710000,102000,1800,1800,9600,22800,9000,62500,1200,29400,6500,11000,675,10800,0,27000,1200,24864,23000,0,1000,1800,0,6750,2000,28000,0,21000,0,0,0,0,0,0,0,0,0,480,0,2000,0,0,2100,0,19800,0,20520,46440,20340,11640,2440,3450,861,80000,11088,11520,33000,22500,21600,0,36000,52000,22500,5700,58000,0,361800,0,6400,11250,30000,8000,17408,8160,0,14400,26112,11280,1200,-3120,9440,96600,138000,74250,74400,86250,144000,37320,27900,39600,40000,40800,8000,5280,0,20500,28800,6600,12000,356400,342000,356400,2360,2040,82650,8832,9576,2256,12696,480,13080,96,0,0,27264,19440,0,0,0,0,0,6000,0,14000,7500,40500,58500,58500,32000,0,0,19490,19500,0,0,0,0,0,0,12000,110000,5000,2592,10000,12096,11616,26152,0,118080,28000,55500,11000,0,0,0,0,11000,13800,32800,19300,19200,10542,17100,19000,9700,30760,9280,20400,7800,0,2000,900,240,1930,1628,2560,1000,10633,900,2255,2000,300,0,1000,0,0,0,0,0,0,3920,0,10780,0,0,453600,300000,2912,2712,0,0,96000,15000,1500,32000,45000,21000,40000,6000,9000,0,0,0,0,3000,4000,0,0,594,168,0,0,16000,216000,14000,13200,8400,0,112,0,0,2250,110000,12000,2800,6000,139100,118500,147000,0,60000,1184,840,0,25200,0,0,58900,900,1062,448,0,0,0,36,180,200,0,0,0,395,0,0,0,0,0,0,0,0,0,0,64,0,0,0,6000,0,36000,1760,0,0,0,875000,0,0,0,0,0,0,0,0,0,315,960,630,0,0,0,0,0,2000,2000,2000,2000,450000,36000,12000,0,24192,20160,144144,44352,0,0,0,0,0,1890,126,0,370000,99600,303300,5400,0
09-2021,90160,710000,82000,2250,2250,17400,15600,9600,44000,1200,19600,6000,7500,1800,10800,6500,18000,0,20496,16500,0,0,900,0,6750,1000,8000,0,21000,0,3000,0,0,0,0,0,0,0,4000,0,1000,0,0,3150,0,17820,0,13320,24840,5550,4360,2400,2100,2214,132000,6336,37728,27000,25500,17200,0,62000,57600,0,7600,8000,0,367200,0,13600,11980,18500,8000,15872,13440,0,13680,13824,16080,5200,15600,12880,60600,120000,21000,37800,39000,132000,29040,31740,36000,24000,31200,2016,4620,2200,17500,16000,8400,4000,172800,172800,172800,1500,3912,104400,10608,6456,1272,8472,840,10896,0,480,0,20976,12240,0,0,0,0,0,42000,42000,3500,3000,8000,84000,84000,32000,0,0,0,0,0,0,0,0,0,0,22000,112000,0,5376,8000,3984,3888,21952,9552,72576,29500,17000,10500,0,0,0,0,8000,17100,39200,10000,22800,3150,19900,16000,5400,15100,6000,13200,17700,0,2000,0,960,2610,2452,1824,0,-6700,3300,2160,0,300,1000,0,0,0,140,0,1000,0,0,750,0,0,0,490000,450000,1440,1416,0,0,186000,15000,0,12000,75000,18000,16000,0,0,0,0,0,0,0,0,0,0,264,336,0,0,18000,188000,4000,18000,6000,0,0,0,0,19350,0,2000,4200,6000,180700,312000,112500,0,44400,32,760,0,35400,0,38592,41800,492,1130,54,0,903,0,36,156,100,0,20,0,0,0,0,0,0,0,0,0,0,0,0,100,0,0,0,30000,0,16800,0,0,0,0,630000,0,0,0,12000,12000,0,0,0,200,0,3360,420,480,0,0,17000,17000,0,0,0,0,255000,24000,0,0,13104,5040,74088,20664,2000,0,0,0,0,0,0,0,1315000,146400,209700,600,600
10-2021,88200,590000,161000,0,0,0,6000,0,42500,5400,30800,8000,14500,1890,10800,0,12500,16200,22512,21000,0,1000,0,0,7500,1000,4000,500,31500,0,3000,0,0,0,0,0,0,0,4630,0,500,2000,1000,0,0,10620,0,20160,29880,14400,7410,450,2400,2214,69000,0,8784,15000,31500,4800,0,46000,37600,10500,7600,4000,0,396900,0,28800,15750,7500,24000,10240,10320,2800,0,10240,5760,10000,13200,12960,39600,126000,52500,74400,68250,96000,21000,9000,30000,16000,16800,0,11440,11000,4500,3200,6000,0,255600,241200,262800,7480,10056,78300,5424,4920,1512,6576,1008,1008,2016,0,0,8256,5480,0,0,0,0,0,18000,60000,0,0,34000,61464,61500,16000,0,0,69000,69000,0,0,0,0,0,0,20000,20000,1000,4944,21523,8112,0,22120,5376,77760,20500,59000,8000,0,0,0,0,2500,6600,12000,19300,18000,8694,15100,14500,7900,24400,10400,8400,5400,0,0,2250,480,1590,3912,2400,2000,9600,2713,4685,1000,900,0,5000,0,0,60,0,0,0,0,2250,0,0,0,337400,400000,1376,1320,0,0,74000,0,4500,0,80000,36000,12000,3000,3000,0,0,0,0,6000,4000,0,0,47,294,0,0,14250,106000,12000,7200,6600,0,212,0,1800,6300,208000,8000,2170,6000,277700,279000,112500,0,0,1344,800,0,10800,0,52032,39900,754,1463,531,0,168,0,36,224,200,0,0,0,275,3000,0,0,0,0,0,0,0,0,0,0,0,0,0,1200,0,103200,1360,0,0,0,868000,0,0,0,0,0,0,0,0,400,315,1440,1260,0,0,0,12000,12000,0,0,0,0,600000,12000,12000,0,7056,0,45864,33264,1500,0,0,0,0,0,0,0,205000,127200,69300,0,0
11-2021,117600,1170000,98000,2250,2700,5400,11400,12600,69500,8400,57400,10000,16000,4365,10800,0,21000,4800,64512,24500,0,0,2700,0,9000,0,11000,6500,31500,0,0,0,0,0,0,0,0,0,5920,0,3000,0,0,0,0,12960,0,14580,39600,12820,4140,1540,1950,4059,126000,3168,23616,31500,36000,18800,0,60000,63200,12000,7600,30000,0,464400,0,28000,23250,12500,24000,12800,12000,9200,1920,13824,8160,8400,24720,4640,61200,96000,36000,31800,72750,72000,30240,31320,39600,26000,26400,992,9460,10560,10000,25600,6600,16000,205200,234000,248400,1860,3840,63000,10320,4992,1416,9456,1560,1584,0,0,0,13464,10320,0,0,0,0,0,24000,24000,9000,15000,28500,81000,81000,16000,0,0,108000,108000,0,0,0,0,0,0,46000,60000,6000,6624,32000,12576,0,34860,14640,83520,31500,50000,0,0,0,0,0,16000,24000,18400,12300,7200,4788,24000,18500,5200,22300,5840,7200,4200,0,14000,0,480,2540,4212,3904,3560,30400,3000,3480,4500,0,3000,3000,0,0,0,0,0,0,2940,0,0,0,4200,273000,300000,2464,2424,0,0,138000,0,9000,20000,93000,51000,4000,9000,12000,12000,9000,0,0,0,12000,0,0,330,336,0,0,14000,152000,22000,7200,4200,0,216,1000,0,4950,50000,10000,1750,0,292400,172500,115500,0,37800,96,0,128,21000,220500,33024,60800,613,54,354,0,765,0,36,0,50,0,20,0,36,0,0,0,0,0,0,0,100,0,0,0,0,0,0,6000,0,31200,4560,0,0,0,1428000,0,0,0,5600,5600,0,0,0,800,315,960,210,0,0,0,3000,3000,0,0,0,0,600000,12000,12000,0,17640,10080,70056,20664,3000,500,0,0,0,0,0,0,0,166800,76500,0,0
12-2021,109340,440000,148000,6300,6750,6000,45600,7200,101000,9600,25200,7500,15500,4905,10800,1000,18000,4800,43008,14500,4200,1000,3600,0,7500,1000,16000,0,31500,0,0,0,0,0,0,0,0,0,4320,1000,2500,0,0,0,10500,21160,0,14580,33680,12690,6510,1760,2100,4305,86000,11880,47520,37500,33000,24800,0,78000,68800,12000,7600,14000,0,461700,0,41600,31500,30000,56000,9216,6720,6000,8400,14848,10080,11200,12000,6560,37200,104000,35250,43200,57000,90000,36120,30120,25200,12000,31200,1984,13420,14080,28500,33600,26400,52000,176400,180000,126000,2800,3144,63000,8904,6840,1776,9936,1728,5904,0,0,0,16008,12280,0,0,0,0,0,30000,30000,9500,22000,36000,122947,123000,48000,0,0,153000,153000,0,0,0,0,0,0,50000,108000,5000,10704,18000,10704,0,25172,10224,104832,39500,53000,8000,0,0,0,0,24500,105000,24800,22200,31200,5523,20000,19500,6200,41400,14560,18000,15300,0,12000,0,0,3390,2508,2528,1300,30400,2700,2985,4500,600,0,3000,0,0,0,0,0,0,3430,0,0,0,1400,340200,450000,1824,2280,0,0,100000,50000,6000,92000,90000,45000,48000,6000,0,6000,0,0,0,3000,0,0,0,594,252,0,0,12000,150000,12660,16800,4800,0,284,0,0,10350,160000,8000,3290,6000,154800,172500,126000,3000,96600,1456,1000,246,25200,156000,32448,64600,432,0,0,48,480,0,72,108,100,1000,0,197,54,0,118,0,0,0,0,0,0,0,0,0,100,0,0,21600,0,52800,4560,0,0,0,672000,0,0,0,1520,1520,0,0,0,0,0,1440,420,480,0,0,13000,13000,0,0,0,0,600000,0,0,0,32256,9576,54432,26712,1500,0,0,0,0,0,0,0,225000,116400,238500,0,0
01-2022,80816,1110000,154000,6750,8100,2400,47400,9000,169000,18600,32200,6500,26500,1620,0,0,26500,4800,27888,20500,10800,2000,3600,0,15000,1000,8000,0,63000,96,0,0,0,0,0,0,0,0,7520,0,3000,0,1000,0,0,22320,0,23040,36460,10560,4680,1640,1800,5412,160000,4752,38016,54000,25500,11600,0,44000,60800,6000,3800,42000,0,367200,0,33600,39750,30000,16000,22528,12240,8400,7440,23040,13920,16800,16080,9280,72000,56000,22500,30600,27750,90000,34800,29100,30000,40000,31200,3744,16060,10120,21500,4800,27600,24000,262800,255600,255600,6980,2232,0,9456,7032,2568,10440,1968,4968,360,480,96,22968,7360,0,0,0,0,0,18000,48000,16000,23500,57500,45000,45000,16000,0,0,61500,61500,0,0,0,0,0,0,40000,0,0,6528,26000,11232,3936,29736,8352,113472,16000,64000,24000,0,0,1728,0,7500,25800,50400,13500,32400,6720,21200,23000,5200,28500,6240,32400,15600,0,2000,0,720,3630,5520,3328,1960,20800,3700,5420,7750,1789,4000,6000,0,0,0,0,0,0,0,0,0,0,2800,294000,400000,2048,1848,0,0,108000,0,4500,152000,145000,15000,60000,6000,27000,6000,0,0,0,0,0,0,0,528,84,0,0,16000,224000,22000,7200,7800,0,120,0,0,2700,54000,18000,2170,3000,217100,163500,172500,0,48000,576,700,0,39600,156000,0,36100,300,0,72,288,528,0,0,360,450,0,0,402,531,0,0,0,0,0,0,0,0,0,0,0,0,0,0,50400,0,36000,3360,0,0,0,763000,0,0,0,0,0,0,0,0,200,0,6240,420,0,0,0,21000,21000,0,0,0,0,510000,12000,12000,0,16128,2520,80136,38808,2500,0,0,0,0,0,0,0,430000,168000,217800,0,0
02-2022,129920,760000,81000,2700,900,9000,114000,15000,83500,9000,74200,10500,14500,2430,0,4000,28000,8400,59136,32500,3600,0,0,0,9000,3000,16000,0,73500,0,0,0,0,0,0,0,0,0,800,0,4000,0,1000,0,0,31680,1080,28980,58680,16440,6780,1600,2775,4674,121000,9504,12816,42000,34500,24000,22000,110000,91200,19500,11400,130000,0,383400,0,29600,36750,22500,56000,14336,6240,7200,11520,23040,11040,12800,16320,14080,63000,74000,18000,25200,60000,108000,68160,56880,40800,43500,31200,2176,13860,14960,29500,17600,48000,32000,64800,64800,64800,0,2880,0,15624,6648,1872,14771,2928,13368,888,360,240,34320,13640,0,0,0,0,0,30000,0,17000,24500,28000,70500,70500,32000,0,0,57000,57000,0,0,0,0,0,0,42000,8000,0,5136,24000,18768,16896,47264,0,76608,32000,25000,7000,0,0,0,0,9500,21000,77600,10900,3900,6426,14700,13500,9400,25100,7730,7200,2700,0,0,0,0,7590,8648,5568,7340,43200,8921,8330,3250,300,5000,7000,0,0,0,0,0,0,0,0,0,0,2800,379400,300000,3232,3240,18000,5000,132000,0,4500,356000,75000,0,64000,12000,0,6000,0,0,0,0,4000,0,0,1188,966,0,0,26000,244000,32000,10775,4200,0,0,500,1350,1800,160000,28000,1540,7550,196212,205500,79500,29380,145200,0,0,0,37200,312000,0,64600,144,0,432,287,420,0,0,499,0,0,0,0,432,0,0,0,0,0,0,0,0,0,0,0,0,0,0,51600,0,43200,2000,0,0,0,749000,0,0,0,2000,2000,0,0,0,400,0,0,0,0,0,0,8000,8000,0,0,0,0,500000,0,0,0,8064,9576,111888,31752,2000,0,0,0,0,0,0,0,625000,150000,198000,0,0
03-2022,109620,770000,96000,0,0,24000,75000,14400,65500,9600,26600,9000,18000,4860,0,0,28000,4200,40656,26000,0,1500,1800,0,9750,1000,13000,500,105000,0,0,0,0,0,0,0,0,0,4000,0,1500,0,1000,0,10500,26490,2340,21600,46620,15380,5430,2060,2550,7503,205000,3960,64080,37500,37500,30000,0,86000,56000,9000,11400,6000,0,315900,0,19200,47250,37500,24000,17920,7440,4000,9120,13824,12080,16000,14880,12880,39000,64000,24000,24000,45750,78000,51840,44460,33600,48750,36000,3392,0,11880,15500,33600,17400,20000,140400,147600,147600,0,3120,28800,11832,9072,1824,10800,2304,8760,816,360,0,21936,18000,0,0,0,0,0,30000,42000,25000,17000,37879,102000,102000,16000,0,0,28500,28500,0,0,0,0,0,0,47000,42000,0,8640,16500,14016,11520,40488,0,85248,34000,53500,26000,0,0,0,0,28000,54600,40000,9400,4800,2772,20800,20500,7200,19600,4480,4800,4800,0,0,24000,4320,4590,4368,5344,5480,39200,2593,6675,11750,0,8000,13000,0,0,0,0,0,0,1470,0,0,0,2800,305200,600000,2336,2712,0,0,85987,0,0,192000,75000,3000,100000,15000,3000,0,3000,0,0,0,0,0,0,708,1008,0,0,12000,190000,18000,13800,5400,0,8,0,450,2700,106000,16000,2590,3000,156000,268500,132000,20400,115800,592,1220,0,25800,10348000,0,39900,600,0,916,0,491,0,0,210,700,0,0,0,409,0,0,0,0,0,0,0,0,0,0,0,0,0,0,16800,0,4800,4640,0,0,0,343000,0,0,9800,6160,6160,0,0,0,600,0,0,0,0,0,0,7000,7000,0,0,0,0,0,0,0,0,6552,8568,88704,23184,1000,0,0,0,0,0,0,0,280000,140400,197100,0,0
04-2022,93800,970000,84000,0,0,18220,67800,10200,101500,18600,47950,18000,18000,3555,0,0,15000,6600,54096,13800,4200,4500,2100,0,15000,2000,24000,1500,10500,0,0,0,0,0,0,0,0,0,5440,0,1000,0,0,0,0,21795,2520,25740,38520,17820,6180,2560,1950,7257,92000,0,34560,36800,24000,28800,12000,98000,56800,6000,7600,30000,0,229500,0,47200,42750,65000,36000,15360,6720,12800,2640,19456,11760,7200,23280,8480,42000,112000,30000,25450,54000,114000,40200,33900,18000,50750,33600,6624,10340,9240,14500,25600,35400,24000,140400,140400,140400,2780,0,26100,10824,8064,1944,9912,1968,7416,1176,0,480,19584,11560,0,0,0,0,0,6000,54000,19500,20000,17000,117000,117000,16000,36000,36000,-56,0,0,0,0,0,0,0,47000,86000,0,8304,26000,14352,13344,30492,0,92736,25000,55500,5000,0,0,0,0,6000,61200,24800,6000,6000,6552,12700,22500,8500,18200,8240,6000,4500,0,0,0,480,7880,3628,5216,1500,23200,5760,6540,15500,900,11000,6000,0,0,0,0,0,0,0,0,0,0,1400,361200,450000,3648,3408,0,0,90000,0,3000,276000,50000,30000,120000,0,9000,0,0,0,0,3000,0,0,0,924,1176,0,0,10000,152000,18000,7200,7800,0,0,0,900,7650,78600,19940,2730,6000,180700,255000,103500,15600,0,208,0,0,29400,12428000,0,45600,624,0,956,340,406,0,50,36,900,0,20,0,106,0,0,0,0,0,0,0,0,0,0,0,0,0,0,26400,0,156000,2880,0,52000,0,238000,0,0,700,2000,2000,0,0,0,1600,0,0,0,480,0,0,17000,17000,0,0,2000,2000,0,12000,0,0,18144,16128,60480,23184,3000,0,0,0,0,0,0,0,570000,120000,334800,0,0
05-2022,81225,930000,125000,2700,2700,36600,117600,15000,126500,9000,42000,14500,19000,3600,14400,0,27048,17400,110880,38700,7800,1000,2700,4000,11018,2000,16000,0,36500,0,0,0,0,0,0,0,0,0,1280,0,1000,0,0,0,0,32115,6660,22680,53040,19110,5820,2760,2550,11808,204000,9554,45360,74150,42000,52800,40000,152000,87200,9000,7600,90000,0,221400,117600,49600,57000,57500,72000,14336,15840,8000,12240,10752,18720,14800,17520,17600,73200,110000,59250,54940,54750,150000,54480,57840,59804,47000,48000,3008,18480,15840,28000,43200,22800,44000,327600,327600,334800,840,936,72000,14160,10800,3288,17760,1056,4224,408,0,648,22512,12080,0,0,0,0,0,42000,12000,21500,17000,41500,114000,114000,112000,300,300,0,0,0,0,0,0,0,0,60000,64000,0,9648,24000,16320,16944,37464,0,141696,81000,46500,4500,0,0,0,0,9000,78000,81600,15100,22800,8400,23500,23500,15100,20400,11120,18000,13800,0,0,6300,480,8790,9632,4000,7420,22400,7560,8665,6500,600,4000,5000,0,0,0,0,0,0,0,0,0,0,0,436520,400000,3552,3432,6000,15000,162000,0,3800,428000,110000,24000,120000,3000,3000,0,0,0,0,0,16000,0,0,1188,1092,0,0,18000,203000,28000,11400,7200,600,0,0,1800,20522,162000,11600,4900,6000,135200,285000,210000,42000,107400,640,600,0,29100,16692000,33216,72200,356,0,1092,450,492,1000,18,147,1650,500,0,0,0,0,0,0,0,0,0,0,115,0,0,0,0,400,0,39600,0,40800,4720,96000,0,0,420000,0,0,0,960,2640,0,0,0,0,1260,0,2100,0,0,0,12000,12000,0,0,0,0,940000,12000,0,0,25704,7056,131544,21168,1000,0,0,0,0,0,0,0,850000,178800,303300,0,0
06-2022,110740,570000,117000,3600,3600,40040,65400,9600,88500,4800,46200,19000,24000,1665,36000,0,31000,16800,67200,27945,3600,1000,3600,2450,9000,2000,0,0,0,0,0,0,0,0,0,0,0,0,800,0,0,0,0,0,0,26250,1800,23580,41485,13830,8400,2020,2700,8979,132000,3960,29376,57000,25500,23600,16000,162000,77600,13500,9500,44000,0,175500,136800,57600,24000,25000,32000,2048,15360,12400,6000,13760,7920,11600,21120,15520,70200,54000,27750,85200,56250,126000,41520,32760,33448,50000,40800,9120,8360,12320,24000,22400,20400,36000,172800,165600,165600,0,0,33300,11088,9648,2496,11400,3264,2544,480,480,504,20760,14240,0,0,0,0,0,24000,36000,9000,20500,31000,60000,60000,48000,0,0,69000,69000,0,0,0,0,0,0,30000,10000,6000,7152,18000,14112,12336,44492,0,99648,40000,56000,8500,0,0,0,0,7500,10800,49600,12700,12500,4746,23000,24000,9300,19000,2800,12000,5700,0,0,0,0,4870,5856,3184,5900,33600,3300,4175,8000,600,5000,5000,0,0,0,0,0,0,0,0,0,0,1120,521080,480000,1664,1800,0,0,138000,30000,6000,100000,125000,24000,92000,18000,3000,6000,3000,0,0,0,0,0,0,660,630,0,0,12000,154000,23500,10580,11050,0,0,0,1350,13950,78000,8000,5110,12000,127400,150000,175500,16800,39600,208,300,0,28600,38389000,43968,103080,420,0,1257,143,785,0,54,-378,1500,300,20,-402,-342,0,0,0,0,0,0,0,0,0,0,0,0,0,0,2400,0,64800,3920,0,0,0,322000,10000,4800,0,9200,9920,0,0,0,1600,0,0,0,0,0,0,3000,3000,0,0,0,0,0,12000,0,0,19656,9576,115920,21346,500,0,0,0,0,0,0,1200,515000,182400,84600,0,600
07-2022,57820,490000,127000,3600,6750,31800,130800,16200,60500,18600,37600,17500,12000,2340,0,0,28500,22800,65520,18500,0,2500,0,6400,5250,0,16000,1500,31500,0,0,0,0,0,0,0,0,0,0,0,0,0,0,0,10500,29895,3420,21796,48379,17460,6990,1100,2325,9963,153000,3960,78912,69000,45000,44800,54000,138000,94400,16500,13300,64000,0,205200,225600,33600,33750,22500,56000,13312,15120,14000,13680,30720,14640,16000,25200,11520,115200,162000,32550,55200,137250,204000,49560,34320,43200,42230,40800,4000,13420,4840,45500,43200,33000,44000,288000,295200,288000,3620,1176,19900,10728,10656,2640,9648,1104,12816,456,0,1008,15552,16600,0,0,0,0,0,12000,0,17000,14800,25500,37500,37500,112000,0,0,88500,88500,0,0,0,0,0,0,40000,61550,0,10368,20000,16464,13008,33376,0,161280,72000,76000,6500,0,0,0,0,10500,50400,47200,9300,26400,4410,15200,20500,8900,16000,3520,14400,8100,0,0,3750,480,5390,3612,4176,6520,32800,5100,3800,8250,300,6000,2000,0,0,0,0,0,0,0,0,0,0,2240,576800,550000,2688,2520,5400,0,160000,0,12000,72000,75000,15000,44000,21000,0,6000,0,0,0,0,0,0,0,1650,1008,0,0,16000,136300,26000,19200,4800,0,40,0,2250,13500,198000,12700,4900,0,162500,100500,156000,39000,35400,0,780,0,33500,5564000,83328,68400,700,1168,1458,364,359,3624,0,72,0,2000,0,0,0,0,0,0,0,0,0,0,0,0,0,0,0,0,0,16800,0,40800,3120,480000,468000,0,217000,0,0,3494,2480,3760,0,0,0,0,0,0,0,0,0,0,0,0,0,0,0,0,700000,0,0,0,10584,15624,149184,27720,0,0,0,0,0,0,0,0,580000,182400,135900,0,0
08-2022,60200,480000,40000,900,0,13200,85200,30000,146500,6600,32135,17500,17000,5535,14400,0,28000,30000,35280,33500,7200,6000,1800,7840,11250,3000,8000,4000,10500,48,0,0,0,0,190,0,0,0,0,0,0,0,0,0,0,32400,360,31860,68760,19710,8400,2560,3975,10578,288000,6336,46080,63000,33000,30000,58000,230000,96000,18000,13300,174000,0,229500,190800,24000,33000,32500,40000,22528,29040,9200,16560,36352,28320,18800,29040,19360,120000,182000,37500,87000,133050,216000,50040,50100,55190,62000,49820,8192,16500,17600,26000,56000,46200,64000,334800,334800,331200,120,2184,87300,14520,12216,2952,14208,1296,12096,984,720,2064,42864,19160,0,0,0,0,0,48000,66000,8000,35000,36500,39000,39000,80000,0,0,104922,105000,0,0,0,0,0,0,67000,96000,3000,15600,30000,19296,18336,51016,0,125568,65500,55500,7000,0,0,0,0,14000,79800,52000,16600,25200,7518,34600,37500,14500,38400,9200,34800,13800,0,0,0,0,6110,5016,4064,2520,36000,4433,4000,18000,900,9000,7000,0,0,0,0,0,0,0,0,0,0,2240,814240,700000,4864,4728,0,15000,318000,0,13200,88000,70000,36000,48000,6000,3000,0,3000,0,0,6000,4000,0,0,1056,1008,0,0,18000,312000,46000,15000,7800,0,152,0,3600,27730,184000,20800,10430,0,249600,210000,213000,40100,40800,64,0,0,49200,25220000,91008,98400,652,-1,1187,288,2324,0,0,72,0,0,0,0,0,0,0,0,0,0,0,0,0,0,0,0,0,0,0,34800,0,153600,4320,1440000,1352000,0,357000,4000,0,0,7360,6080,0,0,0,0,0,0,0,0,0,0,17000,17000,0,0,0,0,350000,19700,12000,0,16632,17640,180432,40824,0,0,0,0,0,0,0,0,490000,146400,175500,0,0
09-2022,105700,800000,128000,1350,900,28200,62400,19800,118500,10200,82600,8000,30000,5355,14400,0,32400,18000,71568,34900,18000,1000,0,6880,5250,1000,8000,0,21000,240,0,120,0,0,384,0,0,0,0,0,0,0,0,0,0,36540,3960,33120,63280,18750,9360,2660,3375,13530,339000,13464,52848,67500,54000,28800,22000,130000,108800,16500,15200,82000,0,216000,411600,64800,42750,40000,88000,29184,17040,18400,14160,35328,18240,28000,29760,31600,110400,214000,46500,43200,104250,222000,61320,46440,111600,68000,108720,9984,14080,11880,43000,44800,49800,68000,410400,320400,367200,3260,3552,76500,15480,13248,2904,13080,2616,12048,1728,792,2208,27480,18120,0,0,0,0,0,72000,66000,21000,30000,20900,-6015,0,112000,0,0,-6016,0,0,0,0,0,0,0,133000,124000,0,13440,30000,21456,20016,51044,0,143424,43000,82500,7500,0,0,0,0,9000,134400,104000,22800,36000,14448,29800,55500,26500,34700,18640,49200,18900,0,2000,0,240,5160,7128,5856,6120,41600,3848,4690,11750,600,9000,8000,0,0,200,0,0,0,0,0,0,0,2240,647360,600000,4928,6168,6000,0,204000,0,6000,408000,0,24000,56000,6000,0,0,0,0,0,1100,8000,0,0,1320,1260,0,0,24000,380000,22000,16800,10800,0,64,500,5690,41650,250000,16000,10850,6000,297700,297000,253500,72600,55200,576,0,0,36960,14456000,43008,115900,1260,1584,2093,288,967,3200,90,502,0,0,0,0,0,0,0,0,0,0,0,0,0,0,0,0,0,0,0,25200,0,130800,8480,780000,585000,0,378000,6400,4000,3200,8320,8320,0,0,0,400,315,3360,840,480,0,0,13000,13000,0,0,1000,1000,1300000,24000,0,0,29736,28224,180936,59472,0,0,0,0,0,0,0,0,725000,231600,186300,0,0
